,Original taxon label,Mapped feature name
0,Bacteria;Firmicutes;Clostridia;Clostridiales;Clostridiaceae;Clostridium;Clostridium perfringens,1502_Clostridium perfringens
1,Bacteria;Firmicutes;Clostridia;Clostridiales;Ruminococcaceae;Faecalibacterium;Faecalibacterium sp. MC_41,Unmatched_taxon_1
2,Bacteria;Firmicutes;Clostridia;Clostridiales;Lachnospiraceae;Roseburia;Roseburia hominis,Unmatched_taxon_2
3,Bacteria;Firmicutes;Clostridia;Clostridiales;Lachnospiraceae;Blautia;Blautia obeum,40520_Blautia obeum
4,Bacteria;Actinobacteria;Coriobacteriia;Coriobacteriales;Coriobacteriaceae;Collinsella;Collinsella aerofaciens,Unmatched_taxon_3
5,Bacteria;Firmicutes;Clostridia;Clostridiales;Lachnospiraceae;Dorea;Dorea formicigenerans,39486_Dorea formicigenerans
6,Bacteria;Firmicutes;Clostridia;Clostridiales;Peptostreptococcaceae;Intestinibacter;Intestinibacter bartlettii,Unmatched_taxon_4
7,Bacteria;Firmicutes;Clostridia;Clostridiales;Eubacteriaceae;Eubacterium;[Eubacterium] hallii,Unmatched_taxon_5
8,Bacteria;Bacteroidetes;Bacteroidia;Bacteroidales;Bacteroidaceae;Bacteroides;Bacteroides uniformis,Unmatched_taxon_6
9,Bacteria;Firmicutes;Clostridia;Clostridiales;Eubacteriaceae;Eubacterium;[Eubacterium] eligens,Unmatched_taxon_7
10,Bacteria;Firmicutes;Clostridia;Clostridiales;Ruminococcaceae;Ruminococcus;Ruminococcus callidus,Unmatched_taxon_8
11,Bacteria;Firmicutes;Erysipelotrichia;Erysipelotrichales;Erysipelotrichaceae;Erysipelatoclostridium;[Clostridium] innocuum,Unmatched_taxon_9
12,Bacteria;Firmicutes;Clostridia;Clostridiales;Lachnospiraceae;Lachnoclostridium;[Clostridium] bolteae,Unmatched_taxon_10
13,Bacteria;Firmicutes;Clostridia;Clostridiales;Eubacteriaceae;Eubacterium;Eubacterium ramulus,Unmatched_taxon_11
14,Bacteria;Firmicutes;Clostridia;Clostridiales;Eubacteriaceae;Eubacterium;Eubacterium ventriosum,Unmatched_taxon_12
15,Bacteria;Proteobacteria;Betaproteobacteria;Burkholderiales;Sutterellaceae;Parasutterella;Parasutterella excrementihominis,Unmatched_taxon_13
16,Bacteria;Firmicutes;Clostridia;Clostridiales;Lachnospiraceae;Lachnoclostridium;[Clostridium] symbiosum,Unmatched_taxon_14
17,Bacteria;Firmicutes;Bacilli;Lactobacillales;Streptococcaceae;Streptococcus;Streptococcus cristatus,Unmatched_taxon_15
18,Bacteria;Actinobacteria;Actinobacteria;Micrococcales;Micrococcaceae;Rothia;Rothia mucilaginosa,Unmatched_taxon_16
19,Bacteria;Firmicutes;Erysipelotrichia;Erysipelotrichales;Erysipelotrichaceae;Erysipelatoclostridium;Erysipelatoclostridium ramosum,Unmatched_taxon_17
20,Bacteria;Firmicutes;Clostridia;Clostridiales;Clostridiaceae;Clostridium;Clostridium butyricum,Unmatched_taxon_18
21,Bacteria;Bacteroidetes;Bacteroidia;Bacteroidales;Tannerellaceae;Parabacteroides;Parabacteroides distasonis,Unmatched_taxon_19
22,Bacteria;Proteobacteria;Gammaproteobacteria;Vibrionales;Vibrionaceae;Photobacterium;Photobacterium damselae,Unmatched_taxon_20
23,Bacteria;Bacteroidetes;Bacteroidia;Bacteroidales;Bacteroidaceae;Bacteroides;Bacteroides coprocola,Unmatched_taxon_21
24,Bacteria;Firmicutes;Clostridia;Clostridiales;Lachnospiraceae;Blautia;[Ruminococcus] gnavus,Unmatched_taxon_22
25,Bacteria;Actinobacteria;Actinobacteria;Bifidobacteriales;Bifidobacteriaceae;Bifidobacterium;Bifidobacterium adolescentis,1680_Bifidobacterium adolescentis
26,Bacteria;Firmicutes;Clostridia;Clostridiales;Lachnospiraceae;Roseburia;Roseburia intestinalis,166486_Roseburia intestinalis
27,Bacteria;Firmicutes;Clostridia;Clostridiales;Lachnospiraceae;Lachnoclostridium;[Clostridium] scindens,29347_[Clostridium] scindens
28,Bacteria;Firmicutes;Clostridia;Clostridiales;Lachnospiraceae;Blautia;[Ruminococcus] torques,Unmatched_taxon_23
29,Bacteria;Firmicutes;Negativicutes;Veillonellales;Veillonellaceae;Veillonella;Veillonella dispar,Unmatched_taxon_24
30,Bacteria;Actinobacteria;Actinobacteria;Bifidobacteriales;Bifidobacteriaceae;Alloscardovia;Alloscardovia omnicolens,Unmatched_taxon_25
31,Bacteria;Firmicutes;Erysipelotrichia;Erysipelotrichales;Erysipelotrichaceae;[Eubacterium] dolichum[genus];[Eubacterium] dolichum,Unmatched_taxon_26
32,Bacteria;Firmicutes;Bacilli;Lactobacillales;Lactobacillaceae;Lactobacillus;Lactobacillus sanfranciscensis,1625_Lactobacillus sanfranciscensis
33,Bacteria;Bacteroidetes;Bacteroidia;Bacteroidales;Rikenellaceae;Alistipes;Alistipes shahii,Unmatched_taxon_27
34,Bacteria;Bacteroidetes;Bacteroidia;Bacteroidales;Bacteroidaceae;Bacteroides;Bacteroides stercoris,46506_Bacteroides stercoris
35,Bacteria;Bacteroidetes;Bacteroidia;Bacteroidales;Bacteroidaceae;Bacteroides;Bacteroides massiliensis,Unmatched_taxon_28
36,Bacteria;Proteobacteria;Gammaproteobacteria;Enterobacterales;Enterobacteriaceae;Salmonella;Salmonella enterica,Unmatched_taxon_29
37,Bacteria;Firmicutes;Erysipelotrichia;Erysipelotrichales;Erysipelotrichaceae;Holdemanella;Holdemanella biformis,Unmatched_taxon_30
38,Bacteria;Bacteroidetes;Bacteroidia;Bacteroidales;Tannerellaceae;Parabacteroides;Parabacteroides merdae,46503_Parabacteroides merdae
39,Bacteria;Deinococcus-Thermus;Deinococci;Thermales;Thermaceae;Meiothermus;Meiothermus silvanus,Unmatched_taxon_31
40,Bacteria;Bacteroidetes;Bacteroidia;Bacteroidales;Rikenellaceae;Alistipes;Alistipes indistinctus,Unmatched_taxon_32
41,Bacteria;Fusobacteria;Fusobacteriia;Fusobacteriales;Leptotrichiaceae;Leptotrichia;Leptotrichia wadei,Unmatched_taxon_33
42,Bacteria;Actinobacteria;Coriobacteriia;Eggerthellales;Eggerthellaceae;Eggerthella;Eggerthella lenta,Unmatched_taxon_34
43,Bacteria;Bacteroidetes;Bacteroidia;Bacteroidales;Bacteroidaceae;Bacteroides;Bacteroides vulgatus,821_Bacteroides vulgatus
44,Bacteria;Firmicutes;Tissierellia;Tissierellales;Peptoniphilaceae;Finegoldia;Finegoldia magna,Unmatched_taxon_35
45,Bacteria;Actinobacteria;Coriobacteriia;Coriobacteriales;Atopobiaceae;Olsenella;Olsenella uli,Unmatched_taxon_36
46,Bacteria;Verrucomicrobia;Verrucomicrobiae;Verrucomicrobiales;Akkermansiaceae;Akkermansia;Akkermansia muciniphila,Unmatched_taxon_37
47,Bacteria;Firmicutes;Tissierellia;Tissierellales;Peptoniphilaceae;Anaerococcus;Anaerococcus prevotii,Unmatched_taxon_38
48,Bacteria;Firmicutes;Clostridia;Clostridiales;Clostridiales Family XIII. Incertae Sedis;[Eubacterium] sulci[genus];[Eubacterium] sulci,Unmatched_taxon_39
49,Bacteria;Firmicutes;Tissierellia;Tissierellales;Peptoniphilaceae;Peptoniphilus;Peptoniphilus lacrimalis,Unmatched_taxon_40
50,Bacteria;Firmicutes;Tissierellia;Tissierellales;Peptoniphilaceae;Anaerococcus;Anaerococcus lactolyticus,Unmatched_taxon_41
51,Bacteria;Bacteroidetes;Bacteroidia;Bacteroidales;Bacteroidaceae;Bacteroides;Bacteroides ovatus,Unmatched_taxon_42
52,Bacteria;Firmicutes;Clostridia;Clostridiales;Lachnospiraceae;Lachnoanaerobaculum;Lachnoanaerobaculum saburreum,Unmatched_taxon_43
53,Bacteria;Actinobacteria;Coriobacteriia;Coriobacteriales;Atopobiaceae;Atopobium;Atopobium parvulum,Unmatched_taxon_44
54,Bacteria;Firmicutes;Clostridia;Clostridiales;Lachnospiraceae;Shuttleworthia;Shuttleworthia satelles,Unmatched_taxon_45
55,Bacteria;Firmicutes;Clostridia;Clostridiales;Lachnospiraceae;Pseudobutyrivibrio;Pseudobutyrivibrio ruminis,Unmatched_taxon_46
56,Bacteria;Actinobacteria;Actinobacteria;Bifidobacteriales;Bifidobacteriaceae;Scardovia;Scardovia inopinata,Unmatched_taxon_47
57,Bacteria;Actinobacteria;Actinobacteria;Propionibacteriales;Propionibacteriaceae;Propionibacterium;Propionibacterium acidifaciens,Unmatched_taxon_48
58,Bacteria;Actinobacteria;Coriobacteriia;Eggerthellales;Eggerthellaceae;Gordonibacter;Gordonibacter pamelaeae,Unmatched_taxon_49
59,Bacteria;Bacteroidetes;Bacteroidia;Bacteroidales;Rikenellaceae;Alistipes;Alistipes finegoldii,214856_Alistipes finegoldii
60,Bacteria;Actinobacteria;Actinobacteria;Bifidobacteriales;Bifidobacteriaceae;Parascardovia;Parascardovia denticolens,Unmatched_taxon_50
61,Bacteria;Actinobacteria;Coriobacteriia;Eggerthellales;Eggerthellaceae;Cryptobacterium;Cryptobacterium curtum,Unmatched_taxon_51
62,Bacteria;Firmicutes;Bacilli;Lactobacillales;Carnobacteriaceae;Granulicatella;Granulicatella elegans,Unmatched_taxon_52
63,Bacteria;Bacteroidetes;Bacteroidia;Bacteroidales;Bacteroidaceae;Bacteroides;Bacteroides fragilis,817_Bacteroides fragilis
64,Bacteria;Bacteroidetes;Bacteroidia;Bacteroidales;Barnesiellaceae;Barnesiella;Barnesiella viscericola,Unmatched_taxon_53
65,Bacteria;Firmicutes;Clostridia;Clostridiales;Peptostreptococcaceae;Acetoanaerobium;Acetoanaerobium sticklandii,Unmatched_taxon_54
66,Bacteria;Firmicutes;Clostridia;Clostridiales;Clostridiales Family XIII. Incertae Sedis;[Eubacterium] saphenum[genus];[Eubacterium] saphenum,Unmatched_taxon_55
67,Bacteria;Firmicutes;Clostridia;Clostridiales;Eubacteriaceae;Anaerofustis;Anaerofustis stercorihominis,Unmatched_taxon_56
68,Bacteria;Firmicutes;Erysipelotrichia;Erysipelotrichales;Erysipelotrichaceae;Erysipelatoclostridium;[Clostridium] spiroforme,Unmatched_taxon_57
69,Bacteria;Firmicutes;Clostridia;Clostridiales;Oscillospiraceae;Oscillibacter;Oscillibacter valericigenes,Unmatched_taxon_58
70,Bacteria;Firmicutes;Clostridia;Clostridiales;Lachnospiraceae;Coprococcus;Coprococcus comes,Unmatched_taxon_59
71,Bacteria;Firmicutes;Clostridia;Clostridiales;Peptostreptococcaceae;Peptostreptococcus;Peptostreptococcus stomatis,Unmatched_taxon_60
72,Bacteria;Proteobacteria;Gammaproteobacteria;Vibrionales;Vibrionaceae;Enterovibrio;Enterovibrio coralii,Unmatched_taxon_61
73,Bacteria;Firmicutes;Erysipelotrichia;Erysipelotrichales;Erysipelotrichaceae;Holdemania;Holdemania filiformis,Unmatched_taxon_62
74,Bacteria;Firmicutes;Clostridia;Clostridiales;Lachnospiraceae;Lachnoclostridium;[Clostridium] aldenense,358742_[Clostridium] aldenense
75,Bacteria;Firmicutes;Negativicutes;Veillonellales;Veillonellaceae;Dialister;Dialister invisus,Unmatched_taxon_63
76,Bacteria;Firmicutes;Tissierellia;Tissierellales;Peptoniphilaceae;Parvimonas;Parvimonas micra,33033_Parvimonas micra
77,Bacteria;Actinobacteria;Coriobacteriia;Coriobacteriales;Atopobiaceae;Atopobium;Atopobium rimae,Unmatched_taxon_64
78,Bacteria;Firmicutes;Clostridia;Clostridiales;Peptostreptococcaceae;Terrisporobacter;Terrisporobacter mayombei,1541_Terrisporobacter mayombei
79,Bacteria;Proteobacteria;Alphaproteobacteria;Rhodovarius[order];Rhodovarius[family];Rhodovarius;Rhodovarius lipocyclicus,Unmatched_taxon_65
80,Bacteria;Firmicutes;Clostridia;Clostridiales;Ruminococcaceae;Ruminococcus;Ruminococcus sp. DSM 100440,Unmatched_taxon_66
81,Bacteria;Proteobacteria;Deltaproteobacteria;Desulfovibrionales;Desulfovibrionaceae;Bilophila;Bilophila wadsworthia,Unmatched_taxon_67
82,Bacteria;Actinobacteria;Coriobacteriia;Coriobacteriales;Coriobacteriaceae;Collinsella;Collinsella intestinalis,Unmatched_taxon_68
83,Bacteria;Firmicutes;Clostridia;Clostridiales;Clostridiales Family XIII. Incertae Sedis;[Eubacterium] nodatum[genus];[Eubacterium] nodatum,Unmatched_taxon_69
84,Bacteria;Actinobacteria;Actinobacteria;Propionibacteriales;Propionibacteriaceae;Pseudopropionibacterium;Pseudopropionibacterium propionicum,Unmatched_taxon_70
85,Bacteria;Firmicutes;Clostridia;Clostridiales;Ruminococcaceae;Ruminiclostridium;[Clostridium] leptum,1535_[Clostridium] leptum
86,Bacteria;Fusobacteria;Fusobacteriia;Fusobacteriales;Fusobacteriaceae;Fusobacterium;Fusobacterium nucleatum,Unmatched_taxon_71
87,Bacteria;Actinobacteria;Actinobacteria;Corynebacteriales;Corynebacteriaceae;Corynebacterium;Corynebacterium pseudodiphtheriticum,Unmatched_taxon_72
88,Bacteria;Firmicutes;Clostridia;Clostridiales;Clostridiales Family XIII. Incertae Sedis;[Eubacterium] brachy[genus];[Eubacterium] brachy,35517_[Eubacterium] brachy
89,Bacteria;Firmicutes;Bacilli;Lactobacillales;Lactobacillaceae;Lactobacillus;Lactobacillus ruminis,1623_Lactobacillus ruminis
90,Bacteria;Firmicutes;Clostridia;Clostridiales;Ruminococcaceae;Ruminiclostridium;[Eubacterium] siraeum,39492_[Eubacterium] siraeum
91,Bacteria;Bacteroidetes;Bacteroidia;Bacteroidales;Bacteroidaceae;Bacteroides;Bacteroides intestinalis,329854_Bacteroides intestinalis
92,Bacteria;Bacteroidetes;Bacteroidia;Bacteroidales;Prevotellaceae;Prevotella;Prevotella copri,165179_Prevotella copri
93,Bacteria;Actinobacteria;Actinobacteria;Bifidobacteriales;Bifidobacteriaceae;Bifidobacterium;Bifidobacterium pseudocatenulatum,28026_Bifidobacterium pseudocatenulatum
94,Bacteria;Bacteroidetes;Bacteroidia;Bacteroidales;Bacteroidaceae;Bacteroides;Bacteroides plebeius,Unmatched_taxon_73
95,Bacteria;Firmicutes;Negativicutes;Acidaminococcales;Acidaminococcaceae;Acidaminococcus;Acidaminococcus intestini,187327_Acidaminococcus intestini
96,Bacteria;Bacteroidetes;Bacteroidia;Bacteroidales;Bacteroidaceae;Bacteroides;Bacteroides eggerthii,Unmatched_taxon_74
97,Bacteria;Bacteroidetes;Bacteroidia;Bacteroidales;Prevotellaceae;Paraprevotella;Paraprevotella clara,Unmatched_taxon_75
98,Bacteria;Firmicutes;Clostridia;Clostridiales;Clostridiaceae;Clostridium;Clostridium paraputrificum,Unmatched_taxon_76
99,Bacteria;Bacteroidetes;Bacteroidia;Bacteroidales;Odoribacteraceae;Odoribacter;Odoribacter splanchnicus,28118_Odoribacter splanchnicus
100,Bacteria;Bacteroidetes;Bacteroidia;Bacteroidales;Bacteroidaceae;Bacteroides;Bacteroides caccae,Unmatched_taxon_77
101,Bacteria;Actinobacteria;Actinobacteria;Bifidobacteriales;Bifidobacteriaceae;Bifidobacterium;Bifidobacterium breve,Unmatched_taxon_78
102,Bacteria;Firmicutes;Bacilli;Lactobacillales;Aerococcaceae;Abiotrophia;Abiotrophia defectiva,Unmatched_taxon_79
103,Bacteria;Firmicutes;Bacilli;Lactobacillales;Streptococcaceae;Streptococcus;Streptococcus minor,Unmatched_taxon_80
104,Bacteria;Actinobacteria;Actinobacteria;Bifidobacteriales;Bifidobacteriaceae;Bifidobacterium;Bifidobacterium gallicum,Unmatched_taxon_81
105,Bacteria;Actinobacteria;Actinobacteria;Bifidobacteriales;Bifidobacteriaceae;Bifidobacterium;Bifidobacterium pseudolongum,Unmatched_taxon_82
106,Bacteria;Firmicutes;Clostridia;Clostridiales;Lachnospiraceae;Blautia;Blautia hydrogenotrophica,Unmatched_taxon_83
107,Bacteria;Nitrospirae;Nitrospira;Nitrospirales;Nitrospiraceae;Nitrospira;Nitrospira defluvii,Unmatched_taxon_84
108,Bacteria;Proteobacteria;Gammaproteobacteria;Pasteurellales;Pasteurellaceae;Haemophilus;Haemophilus parainfluenzae,Unmatched_taxon_85
109,Bacteria;Bacteroidetes;Bacteroidia;Bacteroidales;Prevotellaceae;Prevotella;Prevotella bivia,Unmatched_taxon_86
110,Bacteria;Actinobacteria;Actinobacteria;Bifidobacteriales;Bifidobacteriaceae;Bifidobacterium;Bifidobacterium animalis,Unmatched_taxon_87
111,Bacteria;Firmicutes;Clostridia;Clostridiales;Lachnospiraceae;[Eubacterium] rectale[genus];[Eubacterium] rectale,Unmatched_taxon_88
112,Bacteria;Firmicutes;Bacilli;Lactobacillales;Streptococcaceae;Lactococcus;Lactococcus garvieae,Unmatched_taxon_89
113,Bacteria;Firmicutes;Clostridia;Clostridiales;Lachnospiraceae;Coprococcus;Coprococcus eutactus,Unmatched_taxon_90
114,Bacteria;Firmicutes;Bacilli;Lactobacillales;Lactobacillaceae;Lactobacillus;Lactobacillus fermentum,Unmatched_taxon_91
115,Bacteria;Actinobacteria;Actinobacteria;Bifidobacteriales;Bifidobacteriaceae;Bifidobacterium;Bifidobacterium dentium,Unmatched_taxon_92
116,Bacteria;Bacteroidetes;Bacteroidia;Bacteroidales;Prevotellaceae;Prevotella;Prevotella corporis,Unmatched_taxon_93
117,Bacteria;Bacteroidetes;Bacteroidia;Bacteroidales;Prevotellaceae;Prevotella;Prevotella disiens,Unmatched_taxon_94
118,Bacteria;Actinobacteria;Actinobacteria;Bifidobacteriales;Bifidobacteriaceae;Bifidobacterium;Bifidobacterium tsurumiense,Unmatched_taxon_95
119,Bacteria;Actinobacteria;Actinobacteria;Bifidobacteriales;Bifidobacteriaceae;Bifidobacterium;Bifidobacterium scardovii,Unmatched_taxon_96
120,Bacteria;Bacteroidetes;Bacteroidia;Bacteroidales;Prevotellaceae;Prevotella;Prevotella buccalis,Unmatched_taxon_97
121,Bacteria;Firmicutes;Clostridia;Clostridiales;Peptostreptococcaceae;Paraclostridium;Paraclostridium bifermentans,Unmatched_taxon_98
122,Bacteria;Bacteroidetes;Bacteroidia;Bacteroidales;Prevotellaceae;Prevotella;Prevotella bergensis,Unmatched_taxon_99
123,Bacteria;Bacteroidetes;Bacteroidia;Bacteroidales;Bacteroidaceae;Bacteroides;Bacteroides nordii,Unmatched_taxon_100
124,Bacteria;Bacteroidetes;Bacteroidia;Bacteroidales;Prevotellaceae;Prevotella;Prevotella timonensis,Unmatched_taxon_101
125,Bacteria;Firmicutes;Bacilli;Lactobacillales;Lactobacillaceae;Lactobacillus;Lactobacillus plantarum,Unmatched_taxon_102
126,Bacteria;Bacteroidetes;Bacteroidia;Bacteroidales;Bacteroidaceae;Bacteroides;Bacteroides salyersiae,Unmatched_taxon_103
127,Bacteria;Actinobacteria;Actinobacteria;Actinomycetales;Actinomycetaceae;Actinomyces;Actinomyces lingnae,Unmatched_taxon_104
128,Bacteria;Bacteroidetes;Bacteroidia;Bacteroidales;Tannerellaceae;Parabacteroides;Parabacteroides johnsonii,Unmatched_taxon_105
129,Bacteria;Actinobacteria;Actinobacteria;Bifidobacteriales;Bifidobacteriaceae;Bifidobacterium;Bifidobacterium bifidum,1681_Bifidobacterium bifidum
130,Bacteria;Proteobacteria;Deltaproteobacteria;Desulfovibrionales;Desulfovibrionaceae;Desulfovibrio;Desulfovibrio piger,Unmatched_taxon_106
131,Bacteria;Firmicutes;Bacilli;Lactobacillales;Streptococcaceae;Streptococcus;Streptococcus mutans,Unmatched_taxon_107
132,Bacteria;Fusobacteria;Fusobacteriia;Fusobacteriales;Fusobacteriaceae;Fusobacterium;Fusobacterium mortiferum,Unmatched_taxon_108
133,Bacteria;Proteobacteria;Betaproteobacteria;Burkholderiales;Sutterellaceae;Parasutterella;Parasutterella secunda,Unmatched_taxon_109
134,Bacteria;Proteobacteria;Gammaproteobacteria;Enterobacterales;Enterobacteriaceae;Escherichia;Escherichia coli,Unmatched_taxon_110
135,Archaea;Euryarchaeota;Methanobacteria;Methanobacteriales;Methanobacteriaceae;Methanobrevibacter;Methanobrevibacter smithii,2173_Methanobrevibacter smithii
136,Bacteria;Firmicutes;Negativicutes;Selenomonadales;Selenomonadaceae;Mitsuokella;Mitsuokella multacida,Unmatched_taxon_111
137,Bacteria;Actinobacteria;Actinobacteria;Bifidobacteriales;Bifidobacteriaceae;Bifidobacterium;Bifidobacterium saguini,Unmatched_taxon_112
138,Bacteria;Firmicutes;Bacilli;Lactobacillales;Streptococcaceae;Lactococcus;Lactococcus lactis,1358_Lactococcus lactis
139,Bacteria;Actinobacteria;Actinobacteria;Bifidobacteriales;Bifidobacteriaceae;Bifidobacterium;Bifidobacterium longum,216816_Bifidobacterium longum
140,Bacteria;Actinobacteria;Actinobacteria;Bifidobacteriales;Bifidobacteriaceae;Bifidobacterium;Bifidobacterium ruminantium,Unmatched_taxon_113
141,Bacteria;Actinobacteria;Actinobacteria;Bifidobacteriales;Bifidobacteriaceae;Bifidobacterium;Bifidobacterium choerinum,Unmatched_taxon_114
142,Bacteria;Proteobacteria;Betaproteobacteria;Burkholderiales;Alcaligenaceae;Alcaligenes;Alcaligenes faecalis,Unmatched_taxon_115
143,Bacteria;Proteobacteria;Deltaproteobacteria;Desulfovibrionales;Desulfovibrionaceae;Desulfovibrio;Desulfovibrio magneticus,Unmatched_taxon_116
144,Bacteria;Firmicutes;Clostridia;Clostridiales;Lachnospiraceae;Anaerostipes;Anaerostipes caccae,Unmatched_taxon_117
145,Bacteria;Firmicutes;Negativicutes;Acidaminococcales;Acidaminococcaceae;Acidaminococcus;Acidaminococcus fermentans,Unmatched_taxon_118
146,Bacteria;Firmicutes;Clostridia;Clostridiales;Ruminococcaceae;Anaerotruncus;Anaerotruncus colihominis,Unmatched_taxon_119
147,Bacteria;Actinobacteria;Actinobacteria;Bifidobacteriales;Bifidobacteriaceae;Gardnerella;Gardnerella vaginalis,Unmatched_taxon_120
148,Bacteria;Firmicutes;Clostridia;Clostridiales;Christensenellaceae;Christensenella;Christensenella minuta,Unmatched_taxon_121
149,Bacteria;Firmicutes;Negativicutes;Veillonellales;Veillonellaceae;Megasphaera;Megasphaera elsdenii,Unmatched_taxon_122
150,Bacteria;Acidobacteria;Holophagae;Holophagales;Holophagaceae;Geothrix;Geothrix fermentans,Unmatched_taxon_123
151,Bacteria;Proteobacteria;Epsilonproteobacteria;Campylobacterales;Campylobacteraceae;Campylobacter;Campylobacter hominis,76517_Campylobacter hominis
152,Bacteria;Proteobacteria;Alphaproteobacteria;Rhodobacterales;Rhodobacteraceae;Dinoroseobacter;Dinoroseobacter shibae,Unmatched_taxon_124
153,Bacteria;Proteobacteria;Gammaproteobacteria;Aeromonadales;Aeromonadaceae;Tolumonas;Tolumonas auensis,Unmatched_taxon_125
154,Bacteria;Bacteroidetes;Flavobacteriia;Flavobacteriales;Flavobacteriaceae;Cloacibacterium;Cloacibacterium normanense,Unmatched_taxon_126
155,Bacteria;Firmicutes;Erysipelotrichia;Erysipelotrichales;Erysipelotrichaceae;Faecalitalea;Faecalitalea cylindroides,Unmatched_taxon_127
156,Bacteria;Firmicutes;Clostridia;Clostridiales;Ruminococcaceae;Ruminococcus;Ruminococcus lactaris,46228_Ruminococcus lactaris
157,Bacteria;Firmicutes;Bacilli;Lactobacillales;Streptococcaceae;Streptococcus;Streptococcus parasanguinis,Unmatched_taxon_128
158,Bacteria;Proteobacteria;Epsilonproteobacteria;Campylobacterales;Campylobacteraceae;Campylobacter;Campylobacter ureolyticus,Unmatched_taxon_129
159,Bacteria;Bacteroidetes;Bacteroidia;Bacteroidales;Tannerellaceae;Parabacteroides;Parabacteroides gordonii,Unmatched_taxon_130
160,Bacteria;Firmicutes;Bacilli;Lactobacillales;Carnobacteriaceae;Granulicatella;Granulicatella adiacens,Unmatched_taxon_131
161,Bacteria;Firmicutes;Clostridia;Clostridiales;Ruminococcaceae;Ruminiclostridium;[Clostridium] methylpentosum,Unmatched_taxon_132
162,Bacteria;Actinobacteria;Coriobacteriia;Coriobacteriales;Coriobacteriaceae;Collinsella;Collinsella tanakaei,Unmatched_taxon_133
163,Bacteria;Bacteroidetes;Bacteroidia;Bacteroidales;Bacteroidaceae;Bacteroides;Bacteroides fluxus,626930_Bacteroides fluxus
164,Bacteria;Firmicutes;Clostridia;Clostridiales;Peptostreptococcaceae;Clostridioides;Clostridioides difficile,Unmatched_taxon_134
165,Bacteria;Bacteroidetes;Bacteroidia;Bacteroidales;Bacteroidaceae;Bacteroides;Bacteroides cellulosilyticus,246787_Bacteroides cellulosilyticus
166,Bacteria;Bacteroidetes;Bacteroidia;Bacteroidales;Prevotellaceae;Prevotella;Prevotella oris,Unmatched_taxon_135
167,Bacteria;Firmicutes;Clostridia;Clostridiales;Peptostreptococcaceae;Filifactor;Filifactor alocis,Unmatched_taxon_136
168,Bacteria;Bacteroidetes;Bacteroidia;Bacteroidales;Prevotellaceae;Paraprevotella;Paraprevotella xylaniphila,Unmatched_taxon_137
169,Bacteria;Firmicutes;Erysipelotrichia;Erysipelotrichales;Erysipelotrichaceae;Kandleria;Kandleria vitulina,Unmatched_taxon_138
170,Bacteria;Proteobacteria;Alphaproteobacteria;Rhodobacterales;Rhodobacteraceae;Rhodovulum;Rhodovulum sulfidophilum,Unmatched_taxon_139
171,Bacteria;Actinobacteria;Actinobacteria;Micrococcales;Micrococcaceae;Rothia;Rothia sp. CCUG 25688,Unmatched_taxon_140
172,Bacteria;Actinobacteria;Actinobacteria;Propionibacteriales;Propionibacteriaceae;Cutibacterium;Cutibacterium granulosum,Unmatched_taxon_141
173,Bacteria;Firmicutes;Bacilli;Lactobacillales;Streptococcaceae;Streptococcus;Streptococcus equi,Unmatched_taxon_142
174,Bacteria;Proteobacteria;Gammaproteobacteria;Pseudomonadales;Moraxellaceae;Moraxella;Moraxella osloensis,Unmatched_taxon_143
175,Bacteria;Proteobacteria;Gammaproteobacteria;Enterobacterales;Enterobacteriaceae;Klebsiella;Klebsiella pneumoniae,Unmatched_taxon_144
176,Bacteria;Proteobacteria;Alphaproteobacteria;Rhodobacterales;Rhodobacteraceae;Marinovum;Marinovum algicola,Unmatched_taxon_145
