sample_id,ACVD,AS,BPA,CL,IBD,IGT,T2D,CI,HC,FL,ME,SC
SRR14610692,0.0033383838383838388,0.019766401755254563,0.73570997728098619,0.0072666450476805153,0.029072195812941543,0.0064630295100496339,0.00025000000000000001,0.006745635062392028,0.17960476503194733,0.0025793650793650789,0,0.0092036015809992787
SRR14610575,0.040777889923898789,0.021648429628768503,0.019212844363687344,0.080627437391320445,0.40524196881717905,0.014540856431412025,0.069352099776130591,0.009995193531958239,0.29421273359797073,0.036784794411142158,0.0044614127702362998,0.0031443393562958781
SRR14610674,0.015959323009927064,0.020816634803628345,0.043528113226642635,0.21327120722439749,0.036572778137941665,0.0096287499050656932,0.037506998163664589,0.010649687071278134,0.59583223411784125,0.0072566249465226438,0.0056001984126984126,0.0033774509803921565
SRR14610584,0.01229408522334219,0.01807471882916593,0.083874314697955157,0.36271927688007216,0.040979864168787634,0.0022474747474747476,0.017274838594498042,0.0028039910296102245,0.42850798775770699,0.013765763239094104,0.016303918062426946,0.0011537667698658411
SRR14610612,0.030414128532734661,0.011935699956480007,0.018226688716004236,0.25815125500574426,0.023328477326878861,0.0042217019092019095,0.018750869778842928,0.0032088903743315504,0.61246458365448087,0.01746174729553213,0,0.0018359574497681913
SRR14610630,0.31048348271114623,0.0089130766893924795,0.15866313938469503,0.046600158562889071,0.012214790748728697,0.0033689638534839766,0.022075873658766714,0.026618425348301503,0.3597073024323158,0.032159499613135689,0.01054093567251462,0.0086543513246299612
SRR14610621,0.066994083867031054,0.033770358726241068,0.082560479918258545,0.17759346485171792,0.039974640669451521,0.015157215948776052,0.081770557034909541,0.022029397052036371,0.43999970959372492,0.011434885870063886,0.015389926355744432,0.01332528011204482
SRR14610588,0.013225918437950677,0.0064413246067657835,0.026373733572069482,0.53346169028638868,0.046212918747321086,0.0086679197994987463,0.018262764862416563,0.0038315850815850822,0.27565665741431666,0.023707998786559159,0.043125099741160106,0.0010323886639676113
SRR14610669,0.023285346808334429,0.011587678980208259,0.014059298007633921,0.45014111866282397,0.14721633174336768,0.0022135642135642135,0.027847114545092061,0.0078470140026961257,0.25901719343215684,0.041616823289407065,0.014349802864422938,0.00081871345029239765
SRR14610687,0.0068419075764276993,0.011074617977481755,0.027394776168963478,0.21809271293422927,0.14066247111946392,0.0059107636999261035,0.021996735677463228,0.0042829184704184699,0.51753239322204703,0.026027740655718844,0.0064845130714695932,0.013698449426390601
SRR14610616,0.014928540586781933,0.014943722213459056,0.024477882196922443,0.18952386049324069,0.32824959238313312,0.0035436507936507933,0.037447657111550285,0.0025314453059018275,0.35963257922119335,0.020060938975212429,0.0037712418300653596,0.00088888888888888882
SRR14610670,0.15917717688596267,0.022528813255551373,0.080585223420947524,0.063909363891444249,0.04138884054541949,0.0040614336643748413,0.16120837561619208,0.023629135686295134,0.40946949011554351,0.028778000031444293,0.0030548245614035086,0.0022093223254213965
SRR14610661,0.019935824688727167,0.015891994915988729,0.011165293834991976,0.43357959601364676,0.23605406447062463,0.001,0.038221954830776672,0.010098843822679466,0.20446688491957055,0.025054957891527417,0.0045305846114669646,0
SRR14610607,0.030090506200026325,0.020680890875550317,0.018016960443237535,0.33366937468500601,0.21755906724891463,0.0043184637000426469,0.055059735779356495,0.01344711683767243,0.27310868499891272,0.028119532707574488,0.0025876941685765214,0.0033419723551302498
SRR14610676,0.023389160098251156,0.002243107769423559,0.0071688624842649604,0.55111072858020971,0.050926923103817689,0.0020401493930905694,0.034829520656763549,0.0012878787878787879,0.28582964739079292,0.015567860023197213,0.025343003817573068,0.0002631578947368421
SRR14610577,0.0040087280366692133,0.00035714285714285714,0.0037578923269712739,0.05283361984735821,0.032213614859699452,0.010010047616044383,0.015923102589704752,0.0043223340127364895,0.87151433922301791,0.0016856452726017939,0.0021595022910812383,0.0012140310669722435
SRR14610586,0.013276466216363915,0.017357687548090032,0.14692093351265179,0.017463087050548352,0.044743504614244263,0.021613782238652787,0.011493499254368817,0.0054827713136536673,0.6336410275794514,0.0059325396825396825,0.064837033428238502,0.017237667561196976
SRR14610632,0.041609161382793428,0.017072502639259607,0.05136638945102398,0.27066954269394883,0.090574022794296341,0.0035028258778258782,0.045938258768459667,0.01536665911077003,0.44411752563523826,0.014198094811367117,0.004463804713804715,0.0011212121212121212
SRR14610731,0.016061823118402065,0.046253274768672172,0.10734391628024684,0.04736146400898722,0.091527502706795008,0.013936155949313845,0.05915216466147781,0.0098577056608756715,0.57952426896513243,0.018275683368059528,0.0031377876509455448,0.0075682528610917354
SRR14610605,0.0062585596947809232,0.010058335418974466,0.37336976415341466,0.0070016646290623277,0.030132562783718727,0.0080298440476829214,0.0066480039568274866,0.011952391454360091,0.5435701650699698,0.0019851190476190476,0,0.00099358974358974362
SRR14610623,0.070573751059741729,0.0081653526298263134,0.014322056082891998,0.30873434220690266,0.041061502640320428,0.0054969796285585749,0.031811671710044641,0.019928387466506662,0.44704384666163172,0.038712736351121387,0.012399281549204151,0.0017500920132499081
SRR14610610,0.010356989047505941,0.0060697100382455082,0.0085195517202096144,0.4693346741603992,0.18848542968189291,0.0022261904761904762,0.011858407594820639,0.0039387036102946716,0.2482004157046796,0.013319460336555506,0.037690467629205998,0
SRR14610698,0.014016076244017421,0.012547024462465637,0.035209122447899532,0.019478692360271312,0.052101540895465037,0.033711433153190112,0.028572184244204366,0.011473553708073831,0.6016989119196936,0.16443499850252943,0.015568062334122706,0.011188399728066909
SRR14610672,0.1871498108846254,0.022988171284838065,0.28346936931840683,0.02780874037924953,0.027662238879609991,0.0032927807486631015,0.042482601608730616,0.01882836497008324,0.34889349621708121,0.022809813204511344,0.0034166666666666668,0.011197945837533939
SRR14610618,0.0084713630667578015,0.0078021825955262494,0.01736663190610559,0.50332507225858447,0.16968997408642725,0.0041706349206349202,0.016575663801282996,0.0023484848484848484,0.2159676226026408,0.019023157375745205,0.035259212537809913,0
SRR14610690,0.0052686847466259235,0.036649663147571669,0.21769849861162466,0.10149293920303977,0.032399685582735115,0.011711152139054614,0.069035540182585522,0.010636193018890889,0.50648875853323638,0.004755273600668338,0.00062500000000000001,0.0032386112339672707
SRR14610573,0.17443950174651476,0.0105521325789868,0.12810524260311412,0.19675495074558721,0.029342661981980857,0.0032544351073762832,0.042040157991527612,0.017514895458858312,0.34902551150316158,0.038952650076102088,0.0058293506169650334,0.0041885095898253795
SRR14610609,0.43792263160685069,0.0013021739130434785,0.014852054736031385,0.12125735916466837,0.015699411183931304,0.0030654761904761901,0.075911608115639601,0.012146984581466009,0.28023049258645072,0.036948650026705616,0.00066315789473684217,0
SRR14610681,0.039306016817433224,0.025575403384884801,0.13024273229257236,0.25070839598567946,0.047920862724306977,0.0069963737243149008,0.051589297155086609,0.016790387308769663,0.3971899099934757,0.020215494150672173,0.007492095623674571,0.0059730308391299095
SRR14610627,0.061103557619113173,0.020372039724980903,0.084872157731703077,0.065532216643865257,0.036063652983956848,0.010513071487336195,0.038464462860242882,0.0040306353003721424,0.66459090980529711,0.0095898078529657489,0.0025255847953216371,0.0023419031948443713
SRR14610582,0.086113716403360019,0.010781586533521516,0.02031623491317764,0.25189754922374563,0.095497339163244724,0.0031404761904761909,0.072187032580684152,0.034213477340176761,0.40419994959050021,0.010430366180946678,0.0068087000718579658,0.0044135718083086499
SRR14610663,0.0069710281548516851,0.0024896304675716442,0.0080685485460606603,0.2485454634483239,0.015341729307246204,0.0051423502603422525,0.0054220219775139682,0.00057142857142857136,0.68655926676802792,0.019435323942483387,0.0014532085561497327,0
SRR14610585,0.089965197184659701,0.0074234482622640516,0.0096276424598793018,0.26830058522806383,0.045586783326988921,0.0038474391105970053,0.027106444767822469,0.030590681819900087,0.40187412944905737,0.10257535551680286,0.0088555491206420006,0.0042467437533227001
SRR14610684,0.052796004074633425,0.0079954049573614794,0.010911977350135247,0.23479489273819268,0.013333903661959252,0.013967965137119802,0.051280848134630588,0.037645832618197671,0.54805942829704624,0.016693238474893138,0.0034439425308990523,0.0090765620249315896
SRR14610576,0.022111419789360973,0.0073516684339052759,0.024498884156778891,0.035228475220693209,0.063168961381792815,0.010102655815117116,0.034322573456740238,0.018996785378364332,0.75548022445745699,0.016007182640462695,0.0042327380952380958,0.0084984311740890703
SRR14610693,0.0088265680140293123,0.0025560897435897433,0.023715021369239638,0.045870527679235107,0.070675754027534204,0.022058815367638891,0.02055372038092626,0.011574924834367556,0.74582851657286642,0.039352868158673109,0.0021953781512605041,0.0067918157006392303
SRR14610604,0.089081399835488503,0.038654850402099358,0.22257786113543951,0.079361072579138603,0.080372521777589745,0.0053642316017316017,0.083846950748582824,0.011789780229753643,0.36664080751998063,0.015210465095022234,0.00050000000000000001,0.0066000590751734908
SRR14610589,0.14739247019887072,0.035365445570940922,0.0056495927318295737,0.05354985342539182,0.022925920269960515,0,0.050008139950553081,0.24399135754820428,0.39343614162916896,0.012174347252907627,0.0011071428571428571,0.03439958856502974
SRR14610688,0.046789387195192135,0.019274457469774808,0.047172858251999114,0.22865009037249076,0.2637024146573283,0.012087232929609089,0.065650778762188416,0.0070648261052672807,0.26943065807750843,0.034897273204540308,0.0037175229741019211,0.0015625000000000001
SRR14610679,0.098633364246655031,0.00050000000000000001,0.009133369898075781,0.4766333145151242,0.029385637741171786,0.0023055555555555555,0.017117790383850754,0.0025898547273160277,0.33289657414028989,0.023792696467619067,0.0070118423243423255,0
SRR14610697,0.018414188735241369,0.07219331165480547,0.012023322351882726,0.46323376357418605,0.03637798660318009,0.0011904761904761904,0.031675650322591363,0.00047619047619047619,0.3410866629902084,0.0081081700302658693,0.01435222151541643,0.00086805555555555551
SRR14610581,0.126513912228571,0.0068092941265895223,0.02296674034599731,0.18241542343647438,0.033443479164454379,0.0077732783298572784,0.10874190088227981,0.010526218062982769,0.47677309666709633,0.016529705373745623,0.0072796786546786554,0.00022727272727272727
SRR14610662,0.0068762667781209971,0.053182588517022795,0.21188095828675155,0.05199437335876457,0.027091666180322119,0.0085973233563000021,0.025573593652574663,0.011631570806140062,0.59691617967926713,0.0047019079561649224,0.0012202380952380952,0.00033333333333333332
SRR14610626,0.20094123069470526,0.01959837771447679,0.12277108256810264,0.091595040615820619,0.068293009013092459,0.0043465721370133138,0.050601288524545304,0.021356452521506704,0.38652331624767378,0.030821051547326946,0.00050000000000000001,0.0026525784157363104
SRR14610680,0.019618557062319682,0.012267676767676768,0.068160007755402513,0.49832375304583532,0.12511457374001295,0.0034316031191031189,0.021134390205597632,0.001700404858299595,0.21513795099516433,0.023940413873379276,0.0097762972321795844,0.0013943713450292397
SRR14610608,0.022135270051872217,0.013275403818747476,0.011663067625528925,0.38233943727803443,0.028135472671463376,0.0029747839593040827,0.019866230819404192,0.014426467817528186,0.47174318930304443,0.0073662726162726155,0.020564430975228188,0.0055099730635721341
SRR14610671,0.004514167111959547,0.025518510271641582,0.18865162211201553,0.046023388390337143,0.10437892650472573,0.010392748661316099,0.018309146198658584,0.011345569333412586,0.58375938235815572,0.0051137365386591397,0,0.0019928025191183084
SRR14610617,0.0082010452922587785,0.0029704549836128778,0.0014772727272727272,0.063104876217955033,0.12777359287076268,0.015599859927915518,0.012842611701164335,0.0014981962481962479,0.76305581433605041,0.00088461538461538463,0.0025916603101957792,0
SRR14610569,0.046995346135632492,0.027199136819492847,0.030357384037531094,0.10291898551878864,0.034152953835809845,0.0034895099740300983,0.028307582832544108,0.13897170367136039,0.55627169473655369,0.0081361642743221687,0.0022081339712918657,0.020991404192642581
SRR14610686,0.032952445918038531,0.028175274973489737,0.062070937593911732,0.13947305643403862,0.25049954305477279,0.020251533588717261,0.050421405461097878,0.0083086828238093553,0.33945591516140039,0.05716722795184901,0.0074025484674461652,0.0038214285714285711
SRR14610587,0.030014295482639123,0.0048465909090909089,0.005377951434530381,0.45615387785178174,0.020785849336347386,0.0030214181286549709,0.010006835269993165,0.0059952317290552582,0.43581354435972508,0.023639662521860672,0.0035055821371610847,0.00083916083916083916
SRR14610578,0.022442281001255969,0.012206071766211085,0.0095358980115172066,0.18895291862295843,0.019815388014380136,0.018080990999025059,0.1415185959776652,0.0065609013020003727,0.57130091971837127,0.007177057505617878,0.0010880737196526671,0.0013209033613445378
SRR14610606,0.012628322478436895,0.034699346606191381,0.16351024946023598,0.03656936795257059,0.06535954150880452,0.023084025752369407,0.067000119752071541,0.0096710555302223083,0.46863487390886438,0.1035051835447498,0.0061842634489693319,0.0091536500565138328
SRR14610570,0.0096240253050220732,0.050990550094862558,0.044428868109015161,0.035943191583360165,0.25397639082717,0.020624611993613543,0.029215020911034836,0.002314745196324144,0.50737103507094228,0.027459810644292065,0.0088107677281438895,0.0092409825362191108
SRR14610615,0.0022453007518796991,0.024887814951048557,0.69082625854014656,0.013949903374321197,0.028370223085233515,0.0012698412698412698,0.00094047619047619047,0.0019942092221503986,0.22549474503245373,0.0009798534798534798,0,0.0090413741025953311
SRR14610633,0.012782721664300611,0.037453784211406348,0.41986463179642763,0.064072786103047549,0.11543283878910308,0.0081097855318056564,0.011543330422587388,0.009818574979372191,0.28908308360923135,0.01136885386285541,0.0027804487179487179,0.017689160311914046
SRR14610611,0.050048721788113017,0.008518765583663282,0.070881443882914466,0.029448340394817044,0.037888616242718401,0.034516082109848072,0.028529152046447442,0.014280822082637604,0.70976023744207173,0.0036048945894147132,0.0034179532424097642,0.0091049705949440111
SRR14610682,0.016309609522333308,0.050685165898436496,0.25513795905583325,0.072411313958061496,0.088644574749296115,0.0095055714710126481,0.032443481014393989,0.01011388696442876,0.41291315720518895,0.040823058335713133,0.004248538011695906,0.0067636838136064135
SRR14610628,0.040639054638433765,0.0092912954735323173,0.037440845918787095,0.42138981132330672,0.13686721482415717,0.0052401348651348652,0.024143162494204021,0.0058197556067121278,0.2335141788697685,0.080027540470838682,0.0047936721817913759,0.00083333333333333328
SRR14610664,0.031391149760112612,0.021429800657120954,0.29583234518469065,0.17434946548045216,0.026742027466521,0.0082520541549953325,0.017494233879295801,0.004636734588940471,0.40667182240180999,0.0050126440037430746,0.0038837698034679463,0.0043039526188503171
SRR14610691,0.18360873598104382,0.017821018068805462,0.024743076489475734,0.068197711673095282,0.043525819357887928,0.0097935727039745075,0.172417223063937,0.023377879773230758,0.44411489462699222,0.0050866672027662738,0.0015892857142857141,0.005724115344505034
SRR14610619,0.01395157495583192,0.018276173882017539,0.0082762099012099015,0.05370743751432603,0.15962448953807135,0.014988285385924706,0.020505359034072516,0.010048663539762611,0.5454982050477829,0.0078309509118332649,0.13390615279972862,0.013386497489438667
SRR14610574,0.0030740599270011036,0.00096078431372549015,0.01787821124860094,0.13652962699644619,0.035142317026798438,0.0096081431396833877,0.021063424922171049,0.0020902777777777777,0.74905721225661648,0.015682099833954053,0.0075848665223665224,0.0013289760348583878
SRR14610673,0.010023354539524281,0.046031450211743631,0.17887489871351922,0.022191993871207089,0.020291442690436496,0.0068269081709484191,0.022726961153928107,0.08630338461455532,0.57534842548867682,0.0069936716620153149,0.0050681851688043648,0.019319323714641051
SRR14610719,0.018980340930998828,0.022216002843905316,0.015620603661044839,0.040125486205401059,0.24659083391668549,0.33448547992404826,0.016513736263736267,0.0031785714285714277,0.25219083858234326,0.044706997352156518,0.00033333333333333332,0.005057775557775558
SRR14610647,0.027492423211463453,0,0.00038461538461538462,0.83789214193529149,0.0096544566544566543,0,0.021057206166726291,0,0.098769411294759552,0.0008106060606060606,0.0039391392920804687,0
SRR14610728,0.12904751480198209,0.00050000000000000001,0.0033082264957264955,0.57441326745262355,0.020073076841459193,0.00079411764705882351,0.031663115457813598,0.0028571749887539365,0.23289198123147853,0.002124269005847953,0.0023272560772560772,0
SRR14610711,0.046824690295085007,0.00085227272727272734,0.0064511183261183255,0.60845346637366737,0.054420452191427424,0,0.018937046506125453,0.0021071428571428569,0.25871463323398325,0.0025952380952380949,0.00064393939393939397,0
SRR14610702,0.18646713066476153,0.0073617930982061422,0.038155662642311239,0.18599434839046328,0.0095638782882961123,0.0091458779524569,0.14434797682518949,0.010180454966094018,0.3958765014057451,0.0099560603655030906,0.0010311234817813764,0.0019191919191919194
SRR14610720,0.035409670781574788,0.0070981043767034471,0.015886711821889842,0.31126674393885839,0.067859496766227115,0.0074053286625655025,0.045466351605051296,0.0049206709956709956,0.42650824984512054,0.060362920735095651,0.017588477743969735,0.00022727272727272727
SRR14610579,0.022855409489890913,0.0058237942612942607,0.0089577521786853471,0.43816726751210555,0.030620868648035815,0.00125,0.008103410478410478,0.0021404428904428906,0.46872838508072884,0.01335266946040603,0,0
SRR14610678,0.028798302317998778,0.014191621295987635,0.048956067938955926,0.23774732449035704,0.03831416618870178,0.0055189045571768678,0.033180178631997508,0.010953630345925742,0.47242428419795168,0.096956830186783749,0.011716265605739289,0.0012424242424242426
SRR14610652,0.026365123009085847,0.0020978694508106271,0.004911647992530346,0.033858648510126738,0.54782835701150767,0.0035507956805910768,0.05829254749378588,0.012054645109792166,0.29366508256467078,0.016764172065987584,0.00033333333333333332,0.00027777777777777778
SRR14610733,0.052738516116068571,0.00080555555555555545,0.0017637863512476515,0.50397855578093975,0.10642962331412319,0.0002941176470588235,0.039370810755292161,0.0072077922077922072,0.27245771714637657,0.0080384263354464584,0.0064605533355533359,0.00045454545454545455
SRR14610715,0.085830889859157433,0.00050000000000000001,0.0056761363636363641,0.62842923493027825,0.023043326255787554,0.001472222222222222,0.013515085791401583,0.0018016194331983806,0.2138545029933423,0.022845811932305744,0.0027186702186702185,0.00031250000000000001
SRR14610706,0.029536829634933346,0.0044047431326843089,0.019515200213107063,0.26819681231987241,0.17099373489054134,0.0056924211710202436,0.062395399923956908,0.0014090909090909091,0.42561554687591174,0.0087928681440678329,0.0034473527848140851,0
SRR14610724,0.14588794090924259,0,0.0019957264957264961,0.5940554018060582,0.01305637418137418,0,0.028025218632416773,0.0028571749887539365,0.20876752304432691,0.0024739422084623323,0.0028806977336389098,0
SRR14610643,0.032452546696509536,0.033458881031249443,0.066031786733218634,0.17555827519144082,0.057943396116267636,0.0062742403021814799,0.032038571271349896,0.16969487936813787,0.39143935577236677,0.011062390825548723,0.0029678742310321258,0.021077802460697195
SRR14610595,0.071326029287152884,0.00080409356725146192,0.0051212833219412158,0.58511785418855689,0.026439759264643158,0,0.020001510615287703,0.0021644183989385228,0.28354569789235479,0.0017155388471177943,0.0037638146167557934,0
SRR14610658,0.016122589312991785,0.0033124416433239962,0.043206429885380621,0.4193492745913398,0.050440333989980643,0.0042567230198422143,0.0041515747324570853,0.0029724279343844562,0.44886629355000601,0.0070946386130209659,0.00022727272727272727,0
SRR14610713,0.012260580635656356,0.041425803248440876,0.00125,0.077306961006306449,0.095797093425710994,0.00095548654244306417,0.020445629675808701,0.474412916748714,0.21022943665269686,0.006959180931577956,0.0030853566723131943,0.05587155446033152
SRR14610650,0.017209960412824191,0.011500197166954133,0.031934463476839627,0.46611069625193158,0.033013240192488726,0.0050899470899470898,0.019134404581461723,0.0047865814740814736,0.38059838762128784,0.01496590294810109,0.015299075926939703,0.00035714285714285714
SRR14610641,0.014505960628638646,0.003698009506833036,0.057308572324984347,0.37975097321950879,0.035039114651183888,0.0019762362637362639,0.0068080738705738712,0.0062122665271642256,0.4886742807124822,0.0023312908496732026,0.0030702214452214449,0.00062500000000000001
SRR14610601,0.025312275443854389,0.0097096784507775206,0.038808127008010895,0.035098427099868316,0.46490376525666277,0.015178548854825944,0.06430735243428741,0.016452112430053609,0.3137638227028276,0.016108747461688642,0.00035714285714285714,0
SRR14610700,0.0070346615234722657,0.0077655677655677656,0.050213311561869568,0.16470885587263123,0.039181656905559852,0.00019230769230769231,0.0075146670420260407,0.0010863095238095239,0.72136516211275548,0.00093749999999999997,0,0
SRR14610689,0.044261410437687519,0,0.00038461538461538462,0.80729205247105529,0.015784810719559676,0,0.011089112276612276,0,0.12075321610177406,0,0.00043478260869565214,0
SRR14610636,0.033225606973865486,0.0014287330316742081,0.012248401409392118,0.64737909338683319,0.030580120945446022,0.0002941176470588235,0.019160192125555905,0.0013953081232492997,0.25063608360164097,0.00020833333333333332,0.0034440094219505986,0
SRR14610654,0.14468362898879289,0.00045454545454545455,0.0011111111111111111,0.55657256330812677,0.018130685899068251,0.00041666666666666664,0.019467998075196221,0.0015329991645781119,0.24372025102240311,0.012560343960305262,0.0013492063492063491,0
SRR14610645,0.023122526052901941,0.0030540701128936427,0.001542017923596871,0.62060606765320048,0.10639817842969509,0.00020833333333333332,0.023747039102108763,0,0.19509415570862429,0.018628463691115121,0.0075991479925303449,0
SRR14610708,0.041521694164109009,0,0,0.78727279237360437,0.010866479925303452,0,0.0081712567403356869,0,0.14015509299352177,0.012012683803124981,0,0
SRR14610666,0.020462425624770825,0.00091666666666666676,0.003903931444372621,0.73046037747250736,0.029932608428386801,0.0010555555555555555,0.024079208046855097,0,0.17972134971394793,0.0031829516888340413,0.0059908077110442833,0.0002941176470588235
SRR14610729,0.068461053019085727,0.0089991924635466833,0.030718317736540244,0.068080513947883364,0.10321398621021716,0.007702506979865977,0.093437455971250888,0.011947356936672456,0.59577751431188974,0.0017261067106268343,0.0041419502979857673,0.0057940454144351037
SRR14610657,0.029067877504830659,0.018253785826578262,0.035949103520580172,0.24943563907700084,0.02080852398487679,0.0070509110199512672,0.035473604619918053,0.014126401941375355,0.5770078730201762,0.0038734158353723571,0.0048270107085896553,0.0041258529407506399
SRR14610703,0.043844327658066035,0.0093059039558652575,0.016525173721187655,0.050849827422581144,0.059240164539622719,0.0062216720414088834,0.29807042983638787,0.013295081445042746,0.48353391727306949,0.01411630641030796,0.0038697447160682451,0.0011274509803921567
SRR14610640,0.2277847251404764,0.0098645282306273011,0.13890238549719972,0.15523847123061352,0.01593914287149413,0.0023994567523979286,0.036999012775673489,0.027473492844967817,0.36893346571971741,0.012860445231844481,0.0013266986636551853,0.0022781750413329361
SRR14610721,0.0098047127451152231,0.0002941176470588235,0.0043108578512990273,0.37089402385988407,0.022474053701641527,0.001097048269068393,0.0033851976197177436,0.00050000000000000001,0.57569751405360137,0.010620905625162588,0.00092156862745098049,0
SRR14610712,0.14205206980150617,0,0.0011111111111111111,0.64961878795980776,0.012847959638400814,0,0.011456966644466646,0.0020940170940170941,0.17778184027594279,0.0030372474747474743,0,0
SRR14610613,0.030093281690453243,0.0089940193535394779,0.036306497510057871,0.3595283629595229,0.021506528359504871,0.011575556724550533,0.024704780527922937,0.0049084140833366829,0.48151819405399293,0.016080824576180611,0.0035551851825828804,0.0012283549783549785
SRR14610600,0.031154795131768807,0.0011733058608058608,0.0034284465534465537,0.59925534135627012,0.043265678065484564,0.0011458333333333333,0.036611183166678503,0,0.26979509352446662,0.0055734544609157607,0.0085968685468298476,0
SRR14610598,0.0088926387080411843,0.0035700916730328496,0.1507027850208375,0.024642014811477386,0.031611580474684514,0.0090759118687507457,0.021270294727296003,0.0080204727043719486,0.72164528320276078,0.018038501316365089,0.00021739130434782607,0.0023130341880341883
SRR14610707,0.01537888762536427,0.0500423056132034,0.26817052420833387,0.045090935431957087,0.11616334413201253,0.012902424617865796,0.078133067590304417,0.011986094658695278,0.38932431049809779,0.0065170525295138301,0.00081250000000000007,0.0054785530946521652
SRR14610725,0.060056368518249303,0.012200565731138488,0.019301479136618459,0.27226746797757373,0.023208264237482502,0.0075996588693957121,0.039802462393987159,0.017005538579067992,0.52458224227550476,0.0047468958629949343,0.01322386971872098,0.0060051866992656463
SRR14610644,0.040742796519188003,0.00050000000000000001,0.0041414141414141412,0.71374493056766697,0.014219171968046309,0.00079411764705882351,0.022022131365628136,0.00045454545454545455,0.193597055142327,0.0060404018357915253,0.0037434353583330571,0
SRR14610635,0.11859458668472164,0.0018636363636363633,0.011888311228675006,0.45047798854183474,0.036745248452098277,0.0016111111111111109,0.026901464515465389,0.003856383367757712,0.33217447088253743,0.0081541454761268999,0.0077326533760357294,0
SRR14610734,0.014360740867319815,0.012535274666853615,0.023933587294460223,0.045345519876244057,0.053829128638221369,0.039211700621023873,0.22080423779511654,0.0088610019366598316,0.55265642598285802,0.026892081569363159,0.00095,0.00062030075187969919
SRR14610659,0.013878092152085958,0.0092080886734524497,0.0085712011586624587,0.17863083502791913,0.42862546664609547,0.0060411255411255407,0.021974635213016885,0.006886839323910262,0.29152011609186218,0.030834933955046013,0.003444050832208727,0.00038461538461538462
SRR14610596,0.026796598762696147,0.03018401462565044,0.18039593201346293,0.15958587718610931,0.042009291001396255,0.0060111121260098257,0.018588765787875695,0.0082011289558469522,0.47745200551157585,0.046117781521883686,0.0040324925074925076,0.00062500000000000001
SRR14610642,0.11738341419670506,0,0.0026577540106951869,0.64464257967806571,0.013644100997042174,0.0002941176470588235,0.018579875082777562,0.0015384615384615385,0.19707057632919117,0.0026846854126265892,0.0012103174603174602,0.0002941176470588235
SRR14610723,0.074300585511204373,0,0,0.75849320270559639,0.0068868994203325883,0,0.0067557833248622721,0.0015384615384615385,0.13838646035710742,0.013122734126562029,0.00051587301587301582,0
SRR14610705,0.0058083485142308676,0.058545194442640239,0.090833548610831857,0.026812776963318758,0.27358655697680989,0.026008352650961002,0.02042453121497239,0.0034297438672438673,0.45668218748678774,0.018809231618055148,0.0089851098334070463,0.01007441782074135
SRR14610651,0.071953300536715184,0,0,0.83878844991120349,0.00047727272727272728,0,0.0028157467532467532,0.0015384615384615385,0.081076119182450807,0.0021006493506493507,0.00125,0
SRR14610714,0.056337322763086645,0.012946045905680445,0.0032048872180451128,0.078154145955187465,0.011888219723434758,0.019669516506548742,0.062816633012520717,0.0089416504548083513,0.72868371859366587,0.0035113353708554952,0.0031530365769496197,0.010693487919216484
SRR14610602,0.025181128908893416,0.0053194444444444444,0.041399710869102782,0.44814712210528462,0.040723147508591365,0.0034329336556116739,0.0041073414889204359,0.0050688523433088653,0.41195668655632794,0.01358408666496902,0.00085227272727272734,0.00022727272727272727
SRR14610701,0.058885014047064789,0.0096622636694231132,0.0077340223341367496,0.26591526180554331,0.10756213926078305,0.0052990337835539074,0.038148202051646304,0.021294172774511649,0.4187046674784663,0.055256228171241963,0.010079308476443019,0.0014596861471861471
SRR14610710,0.019088244121719354,0.0057525350251743448,0.010919059784384861,0.23868089167024922,0.16790065336280505,0.0045325736355148116,0.03130744219231061,0.0061765373515373524,0.49597587255795483,0.01005388411038566,0.0061748061879640832,0.0034375
SRR14610727,0.33326780020655383,0.00025000000000000001,0.0042222381376793147,0.25224194905728425,0.022268588329380491,0.0020376984126984129,0.042955729312229157,0.026246078146924492,0.30182406276662577,0.012768502150770961,0.00191735347985348,0
